{
  "task description": 0.033666344298344024,
  "no prompt": 0.051713204615548805,
  "task description ahead": 0.04401225106957105
}