{
  "task description": 0.11826435283466674,
  "no prompt": 0.017680718803765677,
  "task description ahead": 0.09397951383532797
}