{
  "task description": 0.0005087972689075631,
  "no prompt": 0.000244140625,
  "task description ahead": 0.00022977941176470588
}