{
  "task description": 0.09977382831787081,
  "no prompt": 0.05769045402885577,
  "task description ahead": 0.14611998821037364
}