{
  "task description": 0.05960260090061429,
  "no prompt": 0.07821717265331932,
  "task description ahead": 0.06644201427634971
}