{
  "task description": 0.15250402066288837,
  "no prompt": 0.11785653641087483,
  "task description ahead": 0.17104078618064214
}