{
  "task description": 0.056737732462782124,
  "no prompt": 0.23827739640069925,
  "task description ahead": 0.13065204568305494
}