{
  "task description": 0.053042188154193655,
  "no prompt": 0.0645755683405344,
  "task description ahead": 0.055710489471117224
}