{
  "task description": 0.10769563626229733,
  "no prompt": 0.2456259075014912,
  "task description ahead": 0.159099946692945
}