{
  "task description": 0.05395506637340999,
  "no prompt": 0.111825055982594,
  "task description ahead": 0.07832370972613593
}