{
  "task description": 0.07745017722427826,
  "no prompt": 0.12745979960459572,
  "task description ahead": 0.07329671722168865
}