{
  "task description": 0.0002790178571428572,
  "no prompt": 0.0020733173076923077,
  "task description ahead": 0.000951522435897436
}