{
  "task description": 0.03827320910850985,
  "no prompt": 0.039263971685242,
  "task description ahead": 0.043019915685143933
}