{
  "task description": 0.07253836578900191,
  "no prompt": 0.22670255650755802,
  "task description ahead": 0.19415116016053158
}