{
  "task description": 0.04511722117846569,
  "no prompt": 0.30508282884130766,
  "task description ahead": 0.1804266067653461
}