{
  "Answer Converation ": 0.09955120536082122,
  "Answer Given Full Dialogue": 0.10263413109049188,
  "Answer Given Only First Dialogue": 0.10684843282912404,
  "Context First ": 0.0960437432210925,
  "Student Asking Teacher ": 0.10163207945498759,
  "Use Dialogue as Hint": 0.11012054355278589,
  "task description": 0.10723324892005444,
  "no prompt": 0.09517601191342287,
  "task description ahead": 0.12473262866520879
}