{
  "task description": 0.0731959231815758,
  "no prompt": 0.07765232122763113,
  "task description ahead": 0.0660538072310131
}