{
  "task description": 0.02804538126803748,
  "no prompt": 0.10261596584838818,
  "task description ahead": 0.07643631325271992
}