{
  "task description": 0.00048828125,
  "no prompt": 0.0,
  "task description ahead": 0.0006510416666666667
}