{
  "task description": 0.0010756413651331898,
  "no prompt": 0.03321573750081038,
  "task description ahead": 0.0045510734759021685
}