{
  "task description": 0.0016043748752101494,
  "no prompt": 0.038458196336235165,
  "task description ahead": 0.007737348558783603
}