{
  "task description": 0.10867559710240725,
  "no prompt": 0.09912842885412113,
  "task description ahead": 0.1274790929724498
}