{
  "task description": 0.07054619070970262,
  "no prompt": 0.12930761747371894,
  "task description ahead": 0.05118875459569463
}