{
  "task description": 0.11446847071580303,
  "no prompt": 0.14516931384087056,
  "task description ahead": 0.11260936082459122
}