{
  "task description": 0.08885156455906051,
  "no prompt": 0.12189052831364737,
  "task description ahead": 0.12157094218007351
}