{"bleu": {"mwz22": 19.211864336640918}, "success": {"inform": {"total": 88.3, "taxi": 100.0, "attraction": 93.2, "hotel": 88.8, "restaurant": 93.4, "train": 95.6}, "success": {"total": 76.8, "taxi": 85.6, "attraction": 78.8, "hotel": 79.2, "restaurant": 80.8, "train": 84.2}}, "richness": {"entropy": 6.316953832669098, "cond_entropy": 1.841189663636814, "avg_lengths": 13.082881172002171, "msttr": 0.6864419087136935, "num_unigrams": 373, "num_bigrams": 1809, "num_trigrams": 3367}, "dst": null}