{"bleu": {"mwz22": 19.460819630823067}, "success": {"inform": {"taxi": 100.0, "total": 85.9, "attraction": 91.9, "hotel": 86.3, "restaurant": 91.8, "train": 94.9}, "success": {"taxi": 82.6, "total": 75.2, "attraction": 76.8, "hotel": 75.9, "restaurant": 79.6, "train": 82.8}}, "richness": {"entropy": 6.358439115838932, "cond_entropy": 1.956074970022408, "avg_lengths": 13.467308735756918, "msttr": 0.688292191435769, "num_unigrams": 415, "num_bigrams": 2147, "num_trigrams": 4127}, "dst": null}